"x_value","PDF_beta_1","PDF_beta_2","PDF_beta_4"
-6.,0.000014554512242649581,9.582544316852528e-8,1.6379212337865543e-8
-5.99,0.000015312338056588414,1.0450799341516486e-7,1.8264781511581266e-8
-5.98,0.000016107031957254422,1.1394253956853367e-7,2.0358888756762907e-8
-5.97,0.000016940249115129702,1.2419102127370308e-7,2.268362397250579e-8
-5.96,0.000017813712011386808,1.353201905712196e-7,2.526329445647173e-8
-5.95,0.000018729212842472254,1.474019795961145e-7,2.8124625797247995e-8
-5.94,0.00001968861599574125,1.6051387163603054e-7,3.129701679418893e-8
-5.93,0.000020693860597609567,1.7473929591392555e-7,3.4812798142818044e-8
-5.92,0.000021746963135739926,1.9016805229399716e-7,3.870750080104821e-8
-5.91,0.000022850020156710997,2.068967669962666e-7,4.302014703145016e-8
-5.9,0.00002400521104066956,2.2502937937237937e-7,4.779357161872595e-8
-5.89,0.00002521480085445499,2.446776602725428e-7,5.307477557146156e-8
-5.88,0.000026481143284712216,2.6596176328642554e-7,5.891531226765699e-8
-5.87,0.000027806683652414943,2.8901081086188344e-7,6.537170628823336e-8
-5.86,0.000029193962010369308,3.1396351757174807e-7,7.250590625711057e-8
-5.85,0.00003064561632510773,3.4096885307525484e-7,8.03857743443618e-8
-5.84,0.000032164385744693124,3.7018674730729526e-7,8.908561594642271e-8
-5.83,0.00003375311395388391,4.0178884045053675e-7,9.868675349115465e-8
-5.82,0.000035414752618119434,4.359592802594059e-7,1.0927814842839201e-7
-5.81,0.000037152364917779126,4.728955693082879e-7,1.209570754132916e-7
-5.8,0.000038969129174141285,5.128094648769286e-7,1.3382985258691566e-7
-5.79,0.00004086834256847087,5.55927934235395e-7,1.480126319911393e-7
-5.78,0.00004285342495564286,6.024941683080346e-7,1.636322542466468e-7
-5.77,0.000044927922773653786,6.527686568157326e-7,1.808271719352039e-7
-5.76,0.00004709551305044494,7.070303281990957e-7,1.9974844657138966e-7
-5.75,0.00004936000750929824,7.655777577928755e-7,2.2056082439209945e-7
-5.74,0.000051725356774200214,8.287304479150884e-7,2.434438967202781e-7
-5.73,0.000054195654676412113,8.968301836693097e-7,2.685933510725376e-7
-5.72,0.00005677514266350624,9.70242468472369e-7,2.962223196031607e-7
-5.71,0.00005946821431209347,1.049358043450492e-6,3.265628319081868e-7
-5.7,0.00006227941994549272,1.1345944950457463e-6,3.598673796014168e-7
-5.69,0.00006521347135738489,1.2263979553049752e-6,3.9641060048641814e-7
-5.68,0.00006827524664264567,1.3252448995444552e-6,4.3649109056640505e-7
-5.67,0.00007146979513643375,1.431644046240411e-6,4.804333526043042e-7
-5.66,0.0000748023424624991,1.5461383641740673e-6,5.285898903962836e-7
-5.65,0.00007827829569175347,1.6693071921038374e-6,5.813434584802398e-7
-5.64,0.00008190324861198718,1.8017684763893294e-6,6.391094775305429e-7
-5.63,0.00008568298710963979,1.9441811322449214e-6,7.023386263216469e-7
-5.62,0.00008962349466442561,2.0972475345071058e-6,7.715196217472283e-7
-5.61,0.0000937309579575839,2.2617161440222253e-6,8.471821990736572e-7
-5.6,0.00009801177259443678,2.4383842759935117e-6,9.299003053040756e-7
-5.59,0.00010247254894194742,2.628101016910419e-6,1.0202955191599261e-6
-5.58,0.00010712011808170762,2.8317702967885635e-6,1.1190407121316671e-6
-5.57,0.00011196153787906565,3.050354123899776e-6,1.226863965538051e-6
-5.56,0.00011700409916860073,3.2848759892064284e-6,1.3445527595723455e-6
-5.55,0.0001222553320564203,3.5364244481236214e-6,1.472958450961168e-6
-5.54,0.00012772301233950173,3.8061568873890376e-6,1.613001056803649e-6
-5.53,0.00013341516804228339,4.0953034851125125e-6,1.7656743629079207e-6
-5.52,0.00013934008607055759,4.405171372380222e-6,1.9320513760148425e-6
-5.51,0.00014550631898270296,4.737149004915005e-6,2.1132901400144436e-6
-5.5,0.0001519226918781859,5.092710753703408e-6,2.310639937425227e-6
-5.49,0.0001585983094030782,5.473421723749364e-6,2.525447898243705e-6
-5.48,0.00016554256287241168,5.880942810231708e-6,2.7591660393889816e-6
-5.47,0.00017276513750884,6.31703600181255e-6,3.0133587590156386e-6
-5.46,0.00018027601979727677,6.783569941007356e-6,3.28971081104304e-6
-5.45,0.00018808550495477163,7.282525751817021e-6,3.590035786371124e-6
-5.4399999999999995,0.0001962042045149762,7.81600314507402e-6,3.9162851284501814e-6
-5.43,0.00020464305402635068,8.386226812344906e-6,4.270557711948262e-6
-5.42,0.00021341332086315812,8.995553119285846e-6,4.655110014696831e-6
-5.41,0.00022252661214816323,9.646477109884819e-6,5.072366913946664e-6
-5.4,0.0002319948827858417,0.000010341639833088055,5.524933139656014e-6
-5.39,0.00024183044360476545,0.000011083836003650589,6.01560541846461e-6
-5.38,0.0002520459696076877,0.000011876022009350557,6.547385343486764e-6
-5.37,0.00026265450832773773,0.00001272132427694294,7.123493006323973e-6
-5.36,0.0002736694882889857,0.000013623048009394301,7.747381428956261e-6
-5.35,0.0002851047275694895,0.000014584686307384344,8.422751834656864e-6
-5.34,0.0002969744424647416,0.000015609929688106358,9.153569798277372e-6
-5.33,0.0003092932562494657,0.0000167026760147457,9.944082317718927e-6
-5.32,0.0003220762080352958,0.00001786704085024159,0.000010798835849725107
-5.31,0.00033533876172190015,0.000019107368249054238,0.000011722695354521515
-5.3,0.00034909681503896207,0.00002042824200104803,0.000012720864395190291
-5.29,0.0003633667086760912,0.000021834497341618214,0.000013798906339068358
-5.28,0.000378165235497852,0.000023331233142452485,0.000014962766709774913
-5.27,0.00039350964984061253,0.000024923824597546575,0.00001621879673987517
-5.26,0.00040941767688803247,0.000026617936419107023,0.00001757377817553535
-5.25,0.000425907522121674,0.00002841953655828706,0.00001903494938571889
-5.24,0.0004429978808430673,0.000030334910465695307,0.00002061003282994376
-5.23,0.0004607079477634338,0.00003237067590677438,0.000022307263939815664
-5.22,0.00047905742665706354,0.000034533798347262555,0.000024135421470589534
-5.21,0.0004980665400741393,0.00003683160692399026,0.0000261038593805781
-5.2,0.0005177560391086902,0.00003927181101628292,0.00002822254029692337
-5.1899999999999995,0.0005381472132170654,0.00004186251743337889,0.000030502070627647723
-5.18,0.0005592619000822496,0.000044612248233104745,0.000032953737380703516
-5.17,0.0005811224955190325,0.00004752995918723137,0.00003558954675182338
-5.16,0.0006037519634150696,0.000050625058908689407,0.000038422264543653035
-5.15,0.0006271738457022491,0.00005390742865582956,0.000041465458479681083
-5.14,0.0006514122723532238,0.00005738744282889967,0.000044733542476799755
-5.13,0.0006764919713971404,0.00006107599017362404,0.00004824182294132273
-5.12,0.0007024382789488571,0.0000649844957065881,0.00005200654715338547
-5.11,0.0007292771492454554,0.0000691249433771592,0.000056044953805243914
-5.1,0.0007570351646839371,0.00007350989948013189,0.00006037532575905821
-5.09,0.0007857395458534233,0.00007815253683322624,0.00006501704508994029
-5.08,0.0008154181615554733,0.00008306665973315397,0.00006999065047994919
-5.07,0.0008460995388053888,0.00008826672970368085,0.00007531789702841265
-5.06,0.0008778128728077206,0.00009376789204857398,0.00008102181854372992
-5.05,0.000910588036898513,0.00009958600322217592,0.00008712679238110873
-5.04,0.0009444555924470342,0.00010573765902947262,0.0000936586068900518
-5.03,0.000979446798709258,0.00011224022366735956,0.00010064453153435714
-5.02,0.0010155936226253189,0.00011911185961804068,0.00010811338974642303
-5.01,0.0010529287485529304,0.00012637155840490184,0.0001160956345760316
-5.,0.0010914855879285864,0.00013403917222055023,0.00012462342719247676
-4.99,0.0011312982888481372,0.00014213544643606565,0.000133730718296925
-4.98,0.0011724017455582007,0.00015068205299957415,0.00014345333249972354
-4.97,0.0012148316078496393,0.00015970162473156896,0.00015382905571535097
-4.96,0.0012586242903441845,0.00016921779052349109,0.0001648977256247561
-4.95,0.0013038169816651205,0.00017925521144515158,0.00017670132525221104
-4.9399999999999995,0.0013504476534827166,0.00018983961776553046,0.0001892840797005013
-4.93,0.0013985550694249485,0.00020099784689057916,0.00020269255608483115
-4.92,0.0014481787938439856,0.00021275788222037864,0.00021697576670225678
-4.91,0.0014993592004284796,0.00022514889292701753,0.0002321852754688388
-4.9,0.0015521374806519138,0.00023820127465318966,0.00024837530765313334
-4.89,0.0016065556520467926,0.00025194669113038124,0.0002656028629290044
-4.88,0.0016626565662944263,0.0002664181167139528,0.0002839278317663851
-4.87,0.001720483917119966,0.0002816498798313426,0.00030341311517277224
-4.859999999999999,0.001780082247982132,0.000297677707337831,0.00032412474779257316
-4.85,0.0018414969595469297,0.0003145387697730002,0.0003461320243653721
-4.84,0.001904774316934604,0.00033227172750939255,0.0003695076295375731
-4.83,0.001969961456728845,0.0003509167777831406,0.0003943277710150673
-4.82,0.0020371063937372805,0.00037051570259474527,0.0004206723160373026
-4.8100000000000005,0.0021062580274919755,0.0003911119174663693,0.0004486249311455226
-4.8,0.002177466148478809,0.0004127505210401772,0.0004782732252100217
-4.79,0.0022507814440842475,0.0004354783455003631,0.0005097088956727238
-4.78,0.0023262555042481777,0.00045934400779957944,0.0005430278779528158
-4.77,0.00240394082681114,0.0004843979616685137,0.000578330497953945
-4.76,0.002483890822544404,0.0005106925503851128,0.0006157216276020606
-4.75,0.0025661598198512704,0.0005382820602782357,0.0006553108433329411
-4.74,0.0026508030691277185,0.0005672227749377217,0.0006972125874384334
-4.73,0.002737876746770721,0.0005975730301013405,0.0007415463321696114
-4.72,0.002827437958822318,0.0006293932691862778,0.0007884367464842942
-4.71,0.0029195447442376143,0.0006627460994306375,0.0008380138653148418
-4.7,0.0030142560777648387,0.0006976963486082839,0.0008904132612207375
-4.6899999999999995,0.0031116318724254384,0.0007343111222774922,0.0009457762182782797
-4.68,0.0032117329815824196,0.0007726598615218574,0.0010042499080474832
-4.67,0.0033146212005849317,0.0008128144011390833,0.0010659875674439408
-4.66,0.0034203592679773256,0.0008548490282308751,0.0011311486783300185
-4.65,0.0035290108662605606,0.000898840541144544,0.0011998991486271676
-4.64,0.003640640622194432,0.0009448683087143338,0.0012724114947373964
-4.63,0.003755314106628588,0.0009930143297477625,0.0013488650250484213
-4.62,0.0038730978338507595,0.001043363292699796,0.001429446024283515
-4.609999999999999,0.00399405926044042,0.0010960026354746627,0.0015143479384422329
-4.6,0.004118266783616307,0.0011510226052927183,0.0016037715600652328
-4.59,0.004245789739066472,0.0012085163185569427,0.001697925213541064
-4.58,0.004376698398249187,0.0012685798206507712,0.0017970249401590725
-4.57,0.004511063965153626,0.0013313121455965089,0.0019012946825978274
-4.5600000000000005,0.004648958572509147,0.0013968153755005075,0.0020109664685240957
-4.55,0.004790455277432107,0.001465194699708839,0.002126280592962861
-4.54,0.004935628056499298,0.0015365584735943473,0.0022474857990844167
-4.53,0.005084551800237533,0.0016110182768931803,0.002374839457040289
-4.52,0.005237302307018548,0.0016886889715063437,0.0025086077404652555
-4.51,0.005393956276349044,0.0017696887586789985,0.0026490658002485943
-4.5,0.0055545913015458215,0.001854139235467798,0.0027964979351642184
-4.49,0.0057192858617858425,0.0019421654504036892,0.002951197758934713
-4.48,0.00588811931352176,0.0020338959582552225,0.003113468363291781
-4.47,0.006061171881253268,0.0021294628737948606,0.0032836224765818173
-4.46,0.006238524647645162,0.0022290019244682623,0.00346198261745276
-4.45,0.006420259542983191,0.0023326525018641494,0.0036488812431462363
-4.4399999999999995,0.006606459333958939,0.0024405577118800526,0.0038446608919064833
-4.43,0.00679720761177536,0.002552864423476813,0.0040496743190067954
-4.42,0.006992588779565045,0.0026697233159128325,0.004264284625883008
-4.41,0.007192688039113219,0.0027912889243466204,0.004488865381853202
-4.4,0.007397591376878258,0.002917719683694244,0.004723800737893546
-4.39,0.0076073855493024554,0.003049177970626784,0.004969485531930832
-4.38,0.007822158067406377,0.003185830143590232,0.005226325385104527
-4.37,0.008041997180660515,0.003327846580729702,0.005494736788443736
-4.359999999999999,0.008266991860128064,0.0034754017155969857,0.005775147179397527
-4.35,0.008497231780873256,0.0036286740705201125,0.006067995007651928
-4.34,0.008732807303630262,0.003787846287511688,0.0063737297896626355
-4.33,0.008973809455727521,0.003953105156591551,0.006692812151327482
-4.32,0.009220329911263404,0.004124641641398601,0.007025713858221824
-4.3100000000000005,0.009472460970529143,0.004302650901965422,0.00737291783281719
-4.3,0.009730295538675635,0.004487332314528764,0.007734918158103892
-4.29,0.009993927103620966,0.004678889488248268,0.00811222006703889
-4.28,0.010263449713196345,0.004877530278705643,0.008505339917242614
-4.27,0.010538957951528115,0.005083466798055921,0.008914805150371111
-4.26,0.010820546914654327,0.005296915421702527,0.009341154235595268
-4.25,0.011108312185375073,0.005518096791368317,0.00978493659662483
-4.24,0.011402349807335625,0.0057472358144346385,0.010246712521721773
-4.23,0.011702756258342557,0.005984561659421136,0.010727053056157107
-4.22,0.012009628422913372,0.006230307747480029,0.011226539876575167
-4.21,0.012323063564060462,0.006484711739779027,0.011745765146741286
-4.2,0.012643159294311347,0.00674801552064889,0.012285331354162392
-4.1899999999999995,0.012970013545966967,0.007020465176372262,0.012845851127084055
-4.18,0.013303724540600767,0.0073023109694924145,0.013427947031384956
-4.17,0.01364439075780225,0.00759380730852271,0.014032251346907334
-4.16,0.013992110903168316,0.00789521271293872,0.014659405822780976
-4.15,0.014346983875547196,0.008206789773338097,0.01531006141132036
-4.14,0.014709108733539852,0.008528805106655423,0.015984877980096943
-4.13,0.01507858466126449,0.008861529306321909,0.01668452400181236
-4.12,0.015455510933390607,0.009205236887263457,0.017409676221625994
-4.109999999999999,0.01583998687944918,0.009560206225632754,0.018161019301615462
-4.1,0.01623211184742633,0.009926719493175537,0.018939245442079543
-4.09,0.016631985166649273,0.010305062586134736,0.019745053979423915
-4.08,0.017039706109972203,0.01069552504859947,0.020579150960400396
-4.07,0.017455373855272297,0.01109839999021105,0.021442248692506164
-4.0600000000000005,0.017879087446265266,0.01151398399814199,0.022335065270384136
-4.05,0.01831094575265148,0.011942577043269034,0.023258324078101723
-4.04,0.018751047429603134,0.012384482380465762,0.024212753267223636
-4.03,0.019199490876605392,0.012840006442946403,0.02519908521063559
-4.02,0.019656374195662928,0.013309458730596807,0.026218055932113186
-4.01,0.020121795148885305,0.013793151692234832,0.027270404511675648
-4.,0.02059585111546547,0.014291400601748718,0.028356872466806494
-3.9899999999999998,0.02107863904806485,0.014804523428066992,0.029478203109666454
-3.98,0.021570255428620438,0.01533284069892079,0.030635140880470927
-3.9699999999999998,0.02207079622358979,0.01587667535836609,0.031828430657251605
-3.96,0.02258035683864936,0.016436352618039118,0.03305881704226681
-3.95,0.023099032072863998,0.017012199802126628,0.03432704362537687
-3.94,0.0236269160723442,0.017604546186038794,0.03563385222474733
-3.93,0.024164102283409573,0.018213722828780397,0.03697998210529439
-3.92,0.024710683405277323,0.018840062399024058,0.03836616917533728
-3.91,0.0252667513422946,0.019483898994895412,0.03979314516197252
-3.9,0.025832397155735126,0.02014556795749054,0.04126163676573797
-3.89,0.02640771101517972,0.02082540567815171,0.04277236479518411
-3.88,0.026992782149502747,0.021523749399537388,0.04432604328202524
-3.87,0.027587698797485093,0.02224093701053008,0.045923378577591115
-3.86,0.028192548158076522,0.02297730683503469,0.047565068431356584
-3.85,0.02880741634032956,0.023733197414727906,0.04925180105237344
-3.84,0.029432388313028746,0.024508947285829467,0.050984254154484765
-3.83,0.03006754785403794,0.02530489474997293,0.05276309398625032
-3.82,0.030712977499391437,0.02612137763926503,0.05458897434656478
-3.81,0.03136875849215199,0.02695873307562935,0.05646253558699718
-3.8,0.03203497073106242,0.027817297224541505,0.05838440360193444
-3.79,0.03271169271901563,0.028697405043270032,0.06035518880765453
-3.78,0.03339900151136942,0.02959939002374861,0.0623754851115081
-3.77,0.03409697266413295,0.030523583930212334,0.064445868872428
-3.76,0.03480568018205186,0.03147031653174233,0.0665668978540375
-3.75,0.035525196466619016,0.032439915329869756,0.06873911017166495
-3.7399999999999998,0.036255592264039876,0.033432705281402325,0.07096302323462216
-3.73,0.036996936613179154,0.03444900851664308,0.0732391326851364
-3.7199999999999998,0.03774929679351923,0.03548914405318235,0.07556791133537322
-3.71,0.038512738273157654,0.036553427505451354,0.07794980810401655
-3.6999999999999997,0.03928732465687441,0.037642170790237135,0.08038524695391383
-3.69,0.04007311763429719,0.0387556818283644,0.0828746258323209
-3.68,0.04087017692819633,0.0398942642427618,0.08541831561531868
-3.67,0.04167856024293796,0.041058217053137475,0.08801665905799487
-3.66,0.042498323213126625,0.042247834367495934,0.0906699697520156
-3.65,0.043329519352468426,0.043463405070741035,0.0933785310922324
-3.64,0.0441722000028846,0.04470521251061218,0.09614259525399019
-3.63,0.04502641428390776,0.045973534181214734,0.09896238218282233
-3.62,0.04589220904239098,0.04726864140440934,0.10183807859823019
-3.61,0.04676962880256242,0.048590799009335175,0.10476983701326156
-3.6,0.047658715716455566,0.049940265010347186,0.1077577747716066
-3.59,0.048559509514748384,0.05131729028365809,0.11080197310394002
-3.58,0.04947204745804171,0.05272211824297828,0.11390247620523739
-3.57,0.05039636428860969,0.054154984514457986,0.1170592903347988
-3.56,0.051332492182653566,0.055616116611238664,0.12027238294070203
-3.55,0.05228046070309133,0.05710573360793007,0.12354168181040875
-3.54,0.05324029675291388,0.058624045815331274,0.12686707424922952
-3.53,0.05421202452914137,0.06017125445572391,0.13024840628834725
-3.52,0.05519566547740954,0.06174755133906649,0.1336854819240741
-3.51,0.05619123824721973,0.06335311854042713,0.13717806239000502
-3.5,0.05719875864788214,0.0649881280789931,0.1407258654636985
-3.4899999999999998,0.058218239605185615,0.0666527415990032,0.14432856480949668
-3.48,0.059249691118824215,0.06834711005294801,0.14798578935905796
-3.4699999999999998,0.060293120220612305,0.07007137338739132,0.15169712273114963
-3.46,0.06134853093351825,0.07182566023176336,0.15546210269220176
-3.4499999999999997,0.06241592423154897,0.07361008759048498,0.1592802206590935
-3.44,0.06349529800051402,0.07542476053877657,0.163150921245585
-3.43,0.06458664699970103,0.0772697719225143,0.16707360185377806
-3.42,0.06568996282449144,0.07914520206249145,0.17104761231192045
-3.41,0.06680523386994584,0.08105111846344576,0.17507225455982756
-3.4,0.06793244529539004,0.08298757552821509,0.17914678238313503
-3.39,0.06907157899002768,0.08495461427737867,0.18327040119753155
-3.38,0.07022261353961128,0.0869522620747465,0.1874422678840654
-3.37,0.07138552419419686,0.08898053235905172,0.19166149067654734
-3.36,0.07256028283701156,0.09103942438220532,0.19592712910200782
-3.35,0.07374685795446073,0.09312892295446343,0.20023819397509132
-3.34,0.07494521460730151,0.09524899819686151,0.20459364744720382
-3.33,0.07615531440300811,0.0973996053012599,0.2089924031111441
-3.32,0.07737711546935636,0.0995806842983477,0.21343332616188287
-3.31,0.07861057242925008,0.10179215983394065,0.21791523361406417
-3.3,0.07985563637681614,0.10403394095391193,0.2224368945767258
-3.29,0.0811122548547901,0.10630592089808066,0.22699703058564877
-3.28,0.08238037183321767,0.10860797690338665,0.23159431599366764
-3.27,0.08365992768949257,0.1109399700166636,0.2362273784191738
-3.26,0.08495085918975483,0.11330174491732524,0.24089479925296775
-3.25,0.08625309947166851,0.1156931297502653,0.2455951142235172
-3.2399999999999998,0.08756657802860253,0.11811393596926897,0.2503268140205961
-3.23,0.08889122069523067,0.12056395819122123,0.25508834497717764
-3.2199999999999998,0.0902269496345733,0.12304297406139245,0.2598781098093729
-3.21,0.09157368332649755,0.1255507441300701,0.26469446841410477
-3.1999999999999997,0.0929313365576935,0.12808701174079862,0.269535738724122
-3.19,0.09429982041314346,0.13065150293047453,0.2744001976198576
-3.18,0.09567904226910103,0.13324392634154145,0.27928608189754794
-3.17,0.09706890578759388,0.1358639731465101,0.28419158929293686
-3.16,0.09846931091246543,0.13851131698502409,0.2891148795597869
-3.15,0.09988015386696918,0.1411856139136778,0.2940540756023482
-3.14,0.1013013271529269,0.14388650236877962,0.29900726466081934
-3.13,0.10273271955146483,0.14661360314224708,0.3039724995487648
-3.12,0.10417421612533602,0.14936651937079792,0.30894779994135807
-3.11,0.10562569822284115,0.15214483653860095,0.31393115371322733
-3.1,0.10708704348335527,0.15494812249352494,0.3189205183246034
-3.09,0.10855812584446954,0.15777592747712071,0.3239138222543806
-3.08,0.11003881555075444,0.16062778416844906,0.3289089664786188
-3.07,0.11152897916415162,0.16350320774186178,0.3339038259929402
-3.06,0.11302847957599832,0.1664016959388187,0.33889625137718654
-3.05,0.11453717602069065,0.16932272915382152,0.34388407040064106
-3.04,0.1160549240909868,0.17226577053451717,0.34886508966603214
-3.03,0.11758157575495436,0.1752302660960211,0.35383709629047805
-3.02,0.1191169793745625,0.17821564484948554,0.3587978596214555
-3.01,0.12066097972591969,0.18122131894493024,0.3637451329858174
-3.,0.12221341802115528,0.18424668382833376,0.36867665546981987
-2.9899999999999998,0.12377413193194563,0.18729111841296894,0.37359015372806376
-2.98,0.12534295561467965,0.19035398526495115,0.3784833438191978
-2.9699999999999998,0.126919719737263,0.1934346308029546,0.3833539330661875
-2.96,0.12850425150755307,0.1965323855120292,0.38819962193889346
-2.9499999999999997,0.13009637470342292,0.1996465641714458,0.39301810595667586
-2.94,0.13169590970444436,0.20277646609647096,0.39780707760868683
-2.9299999999999997,0.13330267352518516,0.20592137539396788,0.4025642282894881
-2.92,0.13491647985011027,0.2090805612316934,0.4072872502475927
-2.91,0.136537139070078,0.21225327812115513,0.41197383854450303
-2.9,0.1381644583204219,0.21543876621387334,0.416621693021799
-2.89,0.1397982415206041,0.21863625161087444,0.42122852027380153
-2.88,0.14143828941543096,0.221844946685237,0.42579203562332957
-2.87,0.14308439961781497,0.22506405041748279,0.4303099650980508
-2.86,0.1447363666530709,0.22829274874360445,0.4347800474049296
-2.85,0.14639398200472803,0.2315302149154988,0.43920003590025414
-2.84,0.1480570341618452,0.2347756098735606,0.4435677005527544
-2.83,0.14972530866780906,0.23802808263118277,0.4478808298972964
-2.82,0.1513985881706002,0.24128677067088913,0.4521372329766762
-2.81,0.1530766524745036,0.24455080035181825,0.4563347412690332
-2.8,0.1547592785932495,0.2478192873282586,0.46047121059842816
-2.79,0.1564462408045576,0.25109133697892516,0.46454452302615534
-2.78,0.1581373107060687,0.2543660448466563,0.46855258872037747
-2.77,0.15983225727263636,0.2576424970881925,0.47249334780171126
-2.76,0.1615308469149584,0.26091977093369495,0.4763647721624219
-2.75,0.1632328435395229,0.26419693515564224,0.48016486725692
-2.7399999999999998,0.16493800860984228,0.26747305054673676,0.48389167386130877
-2.73,0.16664610120895298,0.2707471704064435,0.4875432697997547
-2.7199999999999998,0.16835687810315067,0.27401834103576833,0.49111777163552817
-2.71,0.17007009380693466,0.2772856022398794,0.49461333632459525
-2.6999999999999997,0.17178550064913467,0.2805479878381606,0.4980281628297111
-2.69,0.17350284884018924,0.2838045261812817,0.5013604936930096
-2.6799999999999997,0.17522188654054713,0.28705424067485946,0.5046086165651708
-2.67,0.17694235993016005,0.2902961503092732,0.5077708656892845
-2.66,0.17866401327903925,0.2935292701952016,0.5108456233376265
-2.65,0.18038658901883922,0.2967526121044242,0.5138313211996066
-2.64,0.1821098278154398,0.299965185015441,0.516726441719251
-2.63,0.18383346864249397,0.3031659956634498,0.5195295193806324
-2.62,0.18555724885590438,0.3063540490942123,0.5222391419397571
-2.61,0.1872809042691991,0.30952834922134814,0.5248539516014896
-2.6,0.1890041692297685,0.3126878993865755,0.5273726461401907
-2.59,0.19072677669592963,0.31583170292242907,0.5297939799628086
-2.58,0.19244845831478202,0.31895876371696813,0.5321167651132713
-2.57,0.19416894450081987,0.32206808678000315,0.5343398722171087
-2.56,0.1958879645152617,0.3251586788103471,0.5364622313653112
-2.55,0.197605246546064,0.32822954876361243,0.5384828329365366
-2.54,0.19932051778857712,0.33127970842006665,0.5404007283568677
-2.53,0.20103350452681007,0.3343081729520626,0.5422150307964028
-2.52,0.20274393221526227,0.3373139614905521,0.5439249158020629
-2.51,0.20445152556128793,0.3402960976902094,0.5455296218660983
-2.5,0.2061560086079487,0.3432536102926687,0.547028450929854
-2.4899999999999998,0.20785710481732203,0.3461855336874073,0.5484207688224642
-2.48,0.20955453715422082,0.3490909084697867,0.5497060056342291
-2.4699999999999998,0.21124802817028748,0.35196878199578363,0.5508836560245212
-2.46,0.21293730008842177,0.354818208932937,0.5519532794641705
-2.4499999999999997,0.21462207488750365,0.3576382518070435,0.5529145004123506
-2.44,0.21630207438736912,0.36042798154413985,0.553767008428106
-2.4299999999999997,0.21797702033400157,0.3631864780073191,0.5545105582167232
-2.42,0.219646634484895,0.36591283052792273,0.5551449696112627
-2.41,0.22131063869455359,0.36860613843067097,0.5556701274896358
-2.4,0.22296875500008162,0.3712655115522887,0.5560859816277157
-2.39,0.22462070570682857,0.37389007075319886,0.5563925464890433
-2.38,0.22626621347404555,0.37647894842185947,0.5565899009517795
-2.37,0.2279050014005149,0.37903128897133004,0.5566781879736364
-2.36,0.22953679311011035,0.38154624932766157,0.5566576141956003
-2.35,0.23116131283725164,0.3840229994097109,0.5565284494853322
-2.34,0.2327782855122085,0.38646072259999653,0.5562910264212211
-2.33,0.23438743684621866,0.3888586162062115,0.555945739718117
-2.32,0.23598849341637637,0.3912158919130325,0.5554930455958667
-2.31,0.2375811827502558,0.3935317762238632,0.5549334610918245
-2.3,0.2391652334102263,0.39580551089216925,0.5542675633185885
-2.29,0.2407403750774222,0.39803635334206733,0.5534959886682695
-2.28,0.24230633863533038,0.40022357707784756,0.5526194319646647
-2.27,0.24386285625295137,0.4023664720821159,0.5516386455647643
-2.26,0.245409661467502,0.4044643452022597,0.550554438411078
-2.25,0.24694648926661886,0.4065165205249477,0.5493676750363112
-2.2399999999999998,0.2484730761700242,0.408522339738392,0.5480792745219881
-2.23,0.2499891603106188,0.41048116248210886,0.5466902094126422
-2.2199999999999998,0.25149448151496456,0.4123923666839355,0.5452015045872523
-2.21,0.2529887813831201,0.4142553488840602,0.5436142360896509
-2.1999999999999997,0.2544718033677943,0.41606952454585394,0.5419295299196403
-2.19,0.2559432928527824,0.41783432835328777,0.5401485607866144
-2.1799999999999997,0.2574029972306456,0.4195492144947503,0.5382725508274989
-2.17,0.25885066597961015,0.4212136569330784,0.536302768290859
-2.16,0.2602860507396386,0.42282714966164087,0.5342405261890348
-2.15,0.26170890538765024,0.42438920694632193,0.5320871809202019
-2.14,0.2631189861118536,0.4258993635532663,0.5298441308622611
-2.13,0.2645160514851592,0.4273571749622658,0.5275128149404839
-2.12,0.26589986253764075,0.4287622175656748,0.5250947111708406
-2.11,0.26727018282801573,0.43011408885276436,0.5225913351809587
-2.1,0.2686267785141118,0.43141240757943355,0.5200042387106599
-2.09,0.26996941842229316,0.4326568139232092,0.5173350080940217
-2.08,0.2712978741158137,0.43384696962348884,0.5145852627249177
-2.07,0.27261191996207224,0.43498255810698433,0.511756653507976
-2.06,0.2739113331987392,0.4360632845983442,0.5088508612969059
-2.05,0.27519589399873146,0.43708887621594694,0.5058695953221067
-2.04,0.27646538553400385,0.43805908205287014,0.5028145916094928
-2.03,0.2777195940381373,0.4389736732430514,0.499687611392425
-2.02,0.2789583088676944,0.43983244301267665,0.4964904395186409
-2.01,0.28018132256232287,0.4406352067168376,0.4932248828540461
-2.,0.28138843090357807,0.44138180186152554,0.4898927686852043
-1.9900000000000002,0.28257943297244764,0.4420720881110195,0.48649594312235633
-1.9799999999999995,0.28375413120555243,0.4427059472807731,0.48303626950473955
-1.9699999999999998,0.28491233145000566,0.4432832833158774,0.47951562680998633
-1.96,0.2860538430169088,0.4438040222552294,0.47593590806931524
-1.9500000000000002,0.2871784787334646,0.4442681121815164,0.4722990187902128
-1.9399999999999995,0.2882860549936904,0.44467552315715453,0.46860687538827606
-1.9299999999999997,0.28937639180771163,0.44502624714633116,0.46486140362981554
-1.92,0.2904493128496211,0.4453202979233069,0.46106453708681705
-1.9100000000000001,0.2915046455038877,0.44555771096714625,0.4572182156057934
-1.9000000000000004,0.29254222091029786,0.4457385433430586,0.45332438379203127
-1.8899999999999997,0.2935618740074158,0.44586287357054194,0.4493849895106689
-1.88,0.29456344357455105,0.44593080147852726,0.44540198240603823
-1.87,0.2955467722722197,0.4459424480477392,0.4413773124406001
-1.8600000000000003,0.29651170668108534,0.4458979552404914,0.43731292845481723
-1.8499999999999996,0.2974580973393725,0.4457974858181489,0.4332107767491957
-1.8399999999999999,0.29838579877873983,0.44564122314649657,0.4290727996897379
-1.83,0.299294669558605,0.44542937098926266,0.42490093433794085
-1.8200000000000003,0.30018457229891354,0.4451621532900515,0.42069711110647096
-1.8099999999999996,0.301055373711342,0.44483981394295563,0.4164632524415602
-1.7999999999999998,0.3019069446289308,0.4444626165521128,0.4122012715331334
-1.79,0.30273916003414114,0.44403084418049316,0.40791307105361413
-1.7800000000000002,0.3035518990853292,0.4435447990882004,0.40360054192630807
-1.7699999999999996,0.3043450451416348,0.44300480246057855,0.39926556212420533
-1.7599999999999998,0.3051184857862813,0.4424111941264279,0.39490999549999334
-1.75,0.30587211284828425,0.4417643322666284,0.3905356906480059
-1.7400000000000002,0.30660582242256657,0.4410645931134867,0.3861444797987992
-1.7299999999999995,0.3073195148884798,0.44031237064112055,0.38173817774697105
-1.7199999999999998,0.3080130949267334,0.43950807624719523,0.37731858081279845
-1.71,0.3086864715347286,0.438652138426343,0.3728874658382099
-1.7000000000000002,0.30933955804030316,0.4377450024355895,0.3684465892175556
-1.6899999999999995,0.30997227211388567,0.4367871299521175,0.36399768596358667
-1.6799999999999997,0.310584535779067,0.4357789987237068,0.35954246880900465
-1.67,0.3111762754215875,0.43472110221217936,0.3550826273438778
-1.6600000000000001,0.31174742179675063,0.43361394923019736,0.3506198271891917
-1.6499999999999995,0.31229791003526275,0.4324580635717499,0.34615570920672645
-1.6399999999999997,0.3128276796475099,0.431253983636673,0.3416918887454268
-1.63,0.313336674526278,0.4300022620495442,0.33722995492435665
-1.62,0.31382484294792173,0.4287034652733035,0.332771469952307
-1.6100000000000003,0.314292137571992,0.42735817321793523,0.32831796848406203
-1.5999999999999996,0.3147385154393348,0.42596697884456497,0.32387095701328705
-1.5899999999999999,0.3151639379686639,0.42453048776531344,0.31943191330196213
-1.58,0.3155683709516254,0.4230493178392512,0.31500228584622725
-1.5700000000000003,0.31595178454636197,0.42152409876479735,0.31058349337848257
-1.5599999999999996,0.3163141532695879,0.4199554716689082,0.3061769244055263
-1.5499999999999998,0.3166554559871907,0.4183440886933909,0.3017839367824869
-1.54,0.3169756759033697,0.4166906125786866,0.2974058573222532
-1.5300000000000002,0.3172748005483277,0.41499571624545534,0.2930439814400867
-1.5199999999999996,0.31755282176452804,0.4132600823743004,0.2886995728330457
-1.5099999999999998,0.3178097356915346,0.41148440298395994,0.28437386319382724
-1.5,0.31804554274944885,0.40966937900829836,0.28006805195859324
-1.4900000000000002,0.3182602476209601,0.4078157198724172,0.2757833060883212
-1.4799999999999995,0.3184538592320279,0.4059241430682125,0.27152075988318325
-1.4699999999999998,0.3186263907312108,0.4039953737296923,0.26728151482943097
-1.46,0.3187778594676626,0.40203014420836664,0.2630666394782312
-1.4500000000000002,0.3189082869678115,0.4000291936490245,0.2588771693558804
-1.4399999999999995,0.3190176989107445,0.3979932675661929,0.25471410690479174
-1.4299999999999997,0.31910612510231195,0.39592311742158953,0.2505784214546294
-1.42,0.31917359944797735,0.39381950020284934,0.24647104922293833
-1.4100000000000001,0.319220159924429,0.3916831780038262,0.2423928933446067
-1.3999999999999995,0.3192458485499745,0.3895149176067458,0.2383448239294667
-1.3899999999999997,0.31925071135374183,0.38731549006649146,0.23432767814733182
-1.38,0.3192347983437056,0.3850856702972901,0.23034226033974373
-1.37,0.31919816347356156,0.38282623666207266,0.22638934215769577
-1.3600000000000003,0.3191408646084733,0.3805379705647583,0.2224696627245815
-1.3499999999999996,0.3190629634897111,0.3782216560457246,0.21858392882360062
-1.3399999999999999,0.31896452569820694,0.375878079380707,0.21473281510885792
-1.33,0.3188456206170507,0.3735080286833648,0.21091696433935955
-1.3200000000000003,0.31870632139294774,0.37111229351175523,0.2071369876351284
-1.3099999999999996,0.31854670489666626,0.36869166447893476,0.20339346475463047
-1.2999999999999998,0.3183668516824929,0.3662469328679114,0.1996869443927169
-1.29,0.31816684594672795,0.3637788902511582,0.19601794449826532
-1.2800000000000002,0.3179467754852374,0.3612883281148986,0.19238695261071817
-1.2699999999999996,0.31770673165009455,0.35877603748835474,0.18879442621470055
-1.2599999999999998,0.31744680930532787,0.3562428085781563,0.18524079311190653
-1.25,0.3171671067818072,0.3536894304080909,0.18172645180943894
-1.2400000000000002,0.31686772583129263,0.3511166904643715,0.1782517719237937
-1.2299999999999995,0.3165487715796664,0.34852537434659214,0.1748170945996809
-1.2199999999999998,0.3162103524793813,0.3459162654245333,0.1714227329428754
-1.21,0.3158525802611452,0.34329014450096934,0.16806897246629662
-1.2000000000000002,0.31547556988487135,0.3406477894806254,0.16475607154852653
-1.1899999999999995,0.3150794394899194,0.3379899750454247,0.1614842619039741
-1.1799999999999997,0.3146643103446522,0.33531747233615605,0.15825374906390896
-1.17,0.31423030679533703,0.3326310486406837,0.15506471286758666
-1.1600000000000001,0.31377755621441467,0.32993146708882415,0.1519173079627097
-1.1499999999999995,0.3133061889481657,0.3272194863539874,0.1488116643144649
-1.1399999999999997,0.31281633826379746,0.32449586036169764,0.145747887722399
-1.13,0.31230814029597986,0.3217613380050761,0.14272606034439492
-1.12,0.3117817339928554,0.3190166628673822,0.13974624122703724
-1.1100000000000003,0.311237261061551,0.3162625729516867,0.13680846684165365
-1.0999999999999996,0.3106748659132152,0.31349980041775566,0.1339127516253416
-1.0899999999999999,0.31009469560760994,0.31072907132620603,0.1310590885263005
-1.08,0.3094968997972831,0.30795110538999226,0.12824744955280015
-1.0700000000000003,0.30888163067134167,0.30516661573327947,0.1254777863251395
-1.0599999999999996,0.3082490428988632,0.30237630865774323,0.12275003062995646
-1.0499999999999998,0.3075992935719578,0.29958088341633626,0.12006409497626959
-1.04,0.30693254214851834,0.29678103199455386,0.11741987315264521
-1.0300000000000002,0.30624895039467664,0.29397743889922107,0.11481724078490502
-1.0199999999999996,0.3055486823269922,0.29117078095482174,0.11225605589379965
-1.0099999999999998,0.3048319041544054,0.2883617271073804,0.10973615945209528
-1.,0.3040987842199694,0.2855509382359013,0.10725737594053186
-0.9900000000000002,0.3033494929423947,0.28273906697136664,0.10481951390213724
-0.9799999999999995,0.3025842027574274,0.2799267575232858,0.10242236649438947
-0.9699999999999998,0.3018030880590853,0.2771146455137831,0.10006571203874345
-0.96,0.3010063251407777,0.27430335781920634,0.09774931456705253
-0.9500000000000002,0.3001940921363322,0.2714935124192314,0.09547292436443555
-0.9399999999999995,0.29936656896095265,0.2686857182534357,0.09323627850815534
-0.9299999999999997,0.29852393725213067,0.2658805750853023,0.09103910140209427
-0.9199999999999999,0.29766638031053766,0.26307867337361773,0.08888110530642795
-0.9100000000000001,0.2967940830409159,0.26028059415121757,0.0867619908621191
-0.8999999999999995,0.2959072318929935,0.2574869089110272,0.08468144760986726
-0.8899999999999997,0.2950060148024488,0.2546981794993499,0.08263915450317304
-0.8799999999999999,0.29409062113193907,0.25191495801633285,0.08063478041518364
-0.8699999999999999,0.29316124161222584,0.24913778672355638,0.07866798463901672
-0.8599999999999999,0.2922180682834075,0.24636719795867273,0.07673841738126455
-0.8499999999999999,0.2912612944362901,0.24360371405702486,0.07484572024840484
-0.8399999999999999,0.2902911145539104,0.24084784728016487,0.07298952672585811
-0.8299999999999998,0.2893077242532359,0.238100099751198,0.07116946264945044
-0.8199999999999998,0.2883113202270624,0.23536096339686108,0.06938514666905322
-0.8099999999999998,0.2873021001861251,0.23263091989625378,0.06763619070419179
-0.7999999999999999,0.286280262801449,0.22991044063612762,0.0659222003914278
-0.7899999999999999,0.28524600764695235,0.22719998667263996,0.06424277552333595
-0.7799999999999999,0.28419953514232515,0.22450000869947673,0.06259751047891322
-0.7699999999999999,0.2831410464962029,0.22181094702224022,0.06098599464527037
-0.7599999999999999,0.28207074364964896,0.21913323153900258,0.059407812830472924
-0.7499999999999999,0.2809888292199684,0.2164672817269166,0.0578625456674125
-0.7399999999999999,0.27989550644486766,0.2138135066347766,0.05634977000860163
-0.7299999999999999,0.27879097912698025,0.21117230488141847,0.054869059311802124
-0.7199999999999999,0.277675451578772,0.20854406465984537,0.053419984016406734
-0.7099999999999999,0.2765491285678441,0.2059291637469669,0.05200211191051066
-0.7,0.27541221526265014,0.2033279695188304,0.050615008488618086
-0.69,0.2742649171786424,0.2007408389712301,0.04925823729994472
-0.6799999999999999,0.2731074401248636,0.19816811874557175,0.04793136028728707
-0.6699999999999999,0.27193999015099457,0.19561014515987132,0.04663393811644113
-0.6599999999999999,0.2707627734948808,0.19306724424476596,0.04536553049616488
-0.6499999999999999,0.26957599653054376,0.1905397317844108,0.04412569648868923
-0.6399999999999999,0.26837986571669403,0.18802791336213975,0.04291399481079227
-0.6299999999999999,0.2671745875457611,0.18553208441076036,0.04172998412546223
-0.6199999999999999,0.265960368493449,0.18305253026735857,0.040573223324183796
-0.6099999999999999,0.26473741496883413,0.18058952623248561,0.03944327179989168
-0.5999999999999999,0.2635059332650142,0.1781433376335961,0.03833968971064426
-0.5899999999999999,0.2622661295103215,0.17571421989261396,0.03726203823407844
-0.5799999999999998,0.26101820962011235,0.1733024185974911,0.03620987981271555
-0.5699999999999998,0.2597623792491417,0.17090816957763508,0.03518277839019437
-0.5599999999999998,0.2584988437445358,0.16853169898307416,0.03418029963851668
-0.5499999999999998,0.2572278080993695,0.16617322336723142,0.03320201117639615
-0.5399999999999998,0.2559494769068621,0.16383294977317786,0.0322474827788084
-0.5299999999999998,0.25466405431519856,0.161511075823238,0.031316286577846776
-0.5199999999999999,0.2533717439829839,0.15920778981181855,0.030407997254993657
-0.5099999999999999,0.25207274903534266,0.1569232708013317,0.029522192224922885
-0.4999999999999999,0.25076727202066795,0.15465768872108765,0.028658451810954104
-0.4899999999999999,0.24945551486802958,0.15241120446902856,0.02781635941228465
-0.47999999999999987,0.24813767884524962,0.15018397001617828,0.026995501663128925
-0.46999999999999986,0.24681396451764917,0.14797612851368322,0.02619546858389979
-0.4599999999999999,0.24548457170747556,0.14578781440232147,0.02541585372456971
-0.4499999999999999,0.24414969945401632,0.1436191535243542,0.024656254300353786
-0.4399999999999999,0.24280954597440174,0.14147026323760079,0.023916271319859055
-0.4299999999999999,0.24146430862510704,0.1393412525316154,0.023195509705848275
-0.4199999999999999,0.24011418386415545,0.1372322221458458,0.022493578408768474
-0.40999999999999986,0.23875936721402716,0.13514326468965526,0.02181009051319691
-0.3999999999999999,0.23740005322527988,0.13307446476409404,0.021144663337359586
-0.3899999999999999,0.23603643544088307,0.1310258990853004,0.020496918525878947
-0.3799999999999999,0.23466870636127177,0.12899763660942135,0.019866482135908504
-0.3699999999999999,0.23329705741011936,0.12698973865893928,0.019252984716814664
-0.3599999999999999,0.23192167890083867,0.12500225905029416,0.01865606138356557
-0.34999999999999987,0.23054276000380428,0.12303524422269133,0.01807535188398858
-0.33999999999999986,0.22916048871430836,0.1210887333679901,0.01751050066005836
-0.32999999999999985,0.22777505182124516,0.11916275856156446,0.016961156903377614
-0.31999999999999984,0.22638663487652658,0.11725734489403583,0.016426974605012946
-0.30999999999999983,0.22499542216523363,0.11537251060377317,0.015907612599848235
-0.29999999999999993,0.2236015966764993,0.11350826721006207,0.015402734605617297
-0.2899999999999999,0.2222053400751276,0.11166461964684436,0.014912009256777789
-0.2799999999999999,0.22080683267394646,0.10984156639693257,0.014435110133386966
-0.2699999999999999,0.21940625340689576,0.10803909962660507,0.013971715785139583
-0.2599999999999999,0.21800377980284935,0.10625720532048959,0.013521509750727394
-0.2499999999999999,0.21659958796017012,0.10449586341664563,0.013084180572677536
-0.23999999999999988,0.21519385252199721,0.10275504794175806,0.01265942180782756
-0.22999999999999987,0.21378674665226588,0.10103472714635488,0.01224693203359168
-0.21999999999999986,0.21237844201245437,0.09933486363996732,0.011846414850172437
-0.20999999999999985,0.21096910873906036,0.09765541452614866,0.011457578878869928
-0.19999999999999984,0.20955891542180183,0.09599633153727397,0.011080137756638703
-0.18999999999999984,0.20814802908254013,0.09435756116904209,0.010713810127041134
-0.17999999999999983,0.20673661515492558,0.09273904481460625,0.010358319627743404
-0.16999999999999993,0.20532483746475805,0.09114071889825805,0.010013394874698621
-0.15999999999999992,0.20391285821106253,0.08956251500859577,0.009678769443159242
-0.1499999999999999,0.20250083794787568,0.08800436003110794,0.009354181845658534
-0.1399999999999999,0.20108893556673868,0.08646617628010414,0.009039375507098832
-0.1299999999999999,0.19967730827989394,0.0849478816299311,0.008734098737081497
-0.11999999999999988,0.19826611160418,0.08344938964540863,0.008438104699611404
-0.10999999999999988,0.19685549934562074,0.08197060971142826,0.008151151380305824
-0.09999999999999987,0.1954456235847062,0.08051144716165431,0.007873001551235504
-0.08999999999999986,0.19403663466235618,0.07907180340627279,0.007603422733522518
-0.07999999999999985,0.19262868116656598,0.07765157605873318,0.0073421871578171465
-0.06999999999999984,0.19122190991972593,0.07625065906143234,0.007089071722773391
-0.05999999999999983,0.18981646596661134,0.07486894281029045,0.0068438579516396005
-0.04999999999999982,0.1884124925630353,0.07350631427817102,0.006606331947078356
-0.039999999999999925,0.18701013116516155,0.07216265713710025,0.006376284344326635
-0.029999999999999916,0.18560952141946743,0.07083785187924103,0.006153510262804552
-0.019999999999999907,0.18421080115335514,0.06953177593658194,0.005937809256278332
-0.009999999999999898,0.18281410636640086,0.06824430379929862,0.005728985261680138
1.1102230246251565e-16,0.18141957122224006,0.06697530713275365,0.0055268465466844574
0.01000000000000012,0.1800273280410764,0.06572465489309613,0.005331205656138386
0.02000000000000013,0.1786375072928143,0.06449221344142905,0.005141879357439629
0.030000000000000138,0.17725023759080208,0.06327784665651184,0.004958688584953921
0.04000000000000015,0.17586564568618315,0.062081416045968375,0.0047814583835602675
0.050000000000000155,0.1744838564628457,0.060902780855972144,0.004610017851409728
0.060000000000000164,0.17310499293296494,0.05974179817938204,0.004444200081981025
0.07000000000000017,0.17172917623312872,0.05859832306230503,0.00428384210551291
0.08000000000000007,0.1703565256210422,0.05747220860906125,0.004128784829890982
0.09000000000000008,0.16898715847280027,0.05636330608553211,0.003978872981063834
0.10000000000000009,0.16762119028072253,0.05527146502087126,0.0038339550430605313
0.1100000000000001,0.16625873465174293,0.05419653330755962,0.00369388319767906
0.1200000000000001,0.16489990330634474,0.05313835729979048,0.003558513263912553
0.13000000000000012,0.16354480607803315,0.05209678191016804,0.0034277046371776784
0.14000000000000012,0.1621935509133404,0.051071650704707094,0.0033013202284069496
0.15000000000000013,0.16084624387235,0.05006280599612291,0.003179226403064196
0.16000000000000014,0.15950298912973734,0.04907008893540015,0.00306129292014011
0.17000000000000015,0.158163888976314,0.04809333960163311,0.0029473928711821777
0.18000000000000016,0.15682904382107044,0.047132397090129556,0.002837402619411015
0.19000000000000017,0.1554985521937074,0.04618709959877307,0.002731201738972851
0.20000000000000018,0.15417251074764704,0.04525728451263803,0.0026286729543755047
0.2100000000000002,0.15285101426351708,0.044342788486856154,0.0025297020801530404
0.2200000000000002,0.15153415565309825,0.04344344752773069,0.002434177960801972
0.2300000000000002,0.1502220259637255,0.04255909707209898,0.0023419924110299212
0.2400000000000002,0.1489147143831374,0.041689572064943274,0.0022530401563553857
0.2500000000000002,0.1476123082447617,0.040834707035252146,0.002167218774095225
0.26000000000000023,0.14631489303343076,0.039994336170134544,0.002084428634774613
0.27000000000000024,0.14502255239151712,0.039168293387191216,0.0020045728439920052
0.28,0.14373536812548127,0.03835641240514831,0.0019275571847701687
0.29000000000000004,0.14245342021282204,0.03755852681275889,0.0018532900604218488
0.30000000000000004,0.14117678680942114,0.03677447013597996,0.001781682437957614
0.31000000000000005,0.13990554425727458,0.03600407590343283,0.001712647792061008
0.32000000000000006,0.1386397670925994,0.03524717771015512,0.0016461020496548078
0.33000000000000007,0.13737952805431056,0.034503609279655824,0.0015819635350804346
0.3400000000000001,0.13612489809285583,0.033773204524281966,0.0015201529159109392
0.3500000000000001,0.13487594637940267,0.033055797603910544,0.0014605931494164883
0.3600000000000001,0.13363274031536732,0.03235122298297645,0.001403209429699734
0.3700000000000001,0.13239534554227714,0.03165931548585019,0.0013479291355170016
0.3800000000000001,0.13116382595195877,0.030979910350579096,0.0012946817787998254
0.3900000000000001,0.1299382436970419,0.030312843281006405,0.0012433989538900268
0.40000000000000013,0.12871865920177214,0.02965795049728348,0.001194014287500162
0.41000000000000014,0.12750513117312204,0.029015068784790817,0.0011464633894099554
0.42000000000000015,0.12629771661219436,0.028384035541484172,0.0011006838039080758
0.43000000000000016,0.12509647082590705,0.02776468882368323,0.0010566149619874688
0.44000000000000017,0.12390144743895255,0.027156867390319472,0.001014198134301279
0.4500000000000002,0.12271269840602311,0.02656041074566206,0.000973376384885386
0.4600000000000002,0.12153027402429344,0.02597515918053968,0.000934094525652476
0.4700000000000002,0.12035422294615225,0.025400953812077427,0.0008962990716616075
0.4800000000000002,0.11918459219217536,0.024837636621968362,0.0008599381971662917
0.4900000000000002,0.1180214271643314,0.024285050493298824,0.0008249616924431001
0.5000000000000002,0.1168647716594123,0.02374303924594849,0.0007913209214022064
0.5100000000000002,0.11571466788268023,0.02321144767058479,0.0007589687799800502
0.5200000000000002,0.11457115646172439,0.022690121561273237,0.000727859655313912
0.53,0.11343427646051697,0.022178907746724093,0.0006979493856971983
0.54,0.11230406539366372,0.021677654120197076,0.0006691952213135678
0.55,0.11118055924083908,0.021186209668085845,0.0006415557857474719
0.56,0.1100637924613989,0.020704424497203427,0.0006149910382678187
0.5700000000000001,0.10895379800916316,0.02023214986079153,0.0005894622368810422
0.5800000000000001,0.10785060734736139,0.019769238183274956,0.0005649319021492493
0.5900000000000001,0.10675425046373256,0.0193155430837842,0.000541363781768367
0.6000000000000001,0.1056647558857731,0.018870919398468362,0.0005187228159010058
0.6100000000000001,0.10458215069612449,0.01843522320162089,0.0004969751032579638
0.6200000000000001,0.10350646054809465,0.018008311825641027,0.00047608786792205235
0.6300000000000001,0.10243770968130445,0.017590043879853717,0.00045602942690732665
0.6400000000000001,0.10137592093745355,0.017180279268210388,0.00043676915844654396
0.6500000000000001,0.100321115776198,0.016778879205893982,0.000418277470999212
0.6600000000000001,0.09927331429113258,0.01638570623485066,0.0004005257729723792
0.6700000000000002,0.09823253522587147,0.016000624238271272,0.00038348644314579105
0.6800000000000002,0.09719879599022034,0.01562349845404513,0.0003671328017930846
0.6900000000000002,0.09617211267643327,0.015254195487209377,0.00035143908249014475
0.7000000000000002,0.09515250007554811,0.014892583321416021,0.0003363804046017555
0.7100000000000002,0.0941399716937928,0.014538531329439943,0.00032193274643726907
0.7200000000000002,0.09313453976905942,0.014191910282750063,0.00030807291906595447
0.7300000000000002,0.09213621528743432,0.013852592360166402,0.00029477854078243385
0.7400000000000002,0.09114500799978466,0.013520451155625168,0.00028202801221239145
0.7500000000000002,0.09016092643838951,0.013195361685074566,0.00026980049204861393
0.7600000000000002,0.08918397793361342,0.012877200392522978,0.0002580758734071947
0.7700000000000002,0.08821416863061476,0.012565845155261946,0.0002468347607936658
0.7800000000000002,0.08725150350608352,0.012261175288285539,0.00023605844766856173
0.79,0.08629598638500326,0.011963071547927877,0.00022572889460204874
0.8,0.08534761995743094,0.011671416134740242,0.00021582870800704583
0.81,0.08440640579528953,0.011386092695629322,0.00020634111944044099
0.8200000000000001,0.08347234436916845,0.011106986325277363,0.0001972499654619833
0.8300000000000001,0.08254543506512553,0.010833983566865376,0.00018853966804057963
0.8400000000000001,0.08162567620148635,0.010566972412120124,0.00018019521549776546
0.8500000000000001,0.08071306504563526,0.010305842300705125,0.00017220214397812943
0.8600000000000001,0.07980759783079347,0.010050484118976303,0.0001645465194363799
0.8700000000000001,0.07890926977277894,0.009800790198121846,0.00015721492013056975
0.8800000000000001,0.07801807508674367,0.009556654311706547,0.0001501944196106604
0.8900000000000001,0.07713400700388355,0.009317971672639662,0.00014347257019150053
0.9000000000000001,0.07625705778811608,0.009084638929585906,0.00013703738689904723
0.9100000000000001,0.07538721875272174,0.008856554162838474,0.0001308773318790778
0.9200000000000002,0.07452448027694458,0.008633616879672734,0.00012498129925838267
0.9300000000000002,0.07366883182254723,0.008415728009199354,0.00011933860044952204
0.9400000000000002,0.07282026195031732,0.008202789896734593,0.00011393894989143048
0.9500000000000002,0.07197875833651955,0.007994706297706206,0.00010877245121813193
0.9600000000000002,0.07114430778929112,0.007791382371112217,0.00010382958384560874
0.9700000000000002,0.07031689626497564,0.007592724672550065,0.00009910118996155193
0.9800000000000002,0.06949650888439164,0.007398641146833191,0.00009457846189718938
0.9900000000000002,0.0686831299490329,0.007209041120211737,0.00009025292986748825
1.0000000000000002,0.06787674295719577,0.007023835292214053,0.00008611645012220957
1.0100000000000002,0.06707733062003103,0.006842935727124937,0.00008216126667903723
1.0200000000000002,0.06628487487751641,0.006666255845116692,0.00007837956950140779
1.0300000000000002,0.0654993569143462,0.006493710413048474,0.00007476446683973847
1.04,0.06472075717573536,0.00632521553494931,0.0000713087949799629
1.05,0.06394905538313429,0.00616068864219975,0.00006800629781533729
1.06,0.06318423054985225,0.006000048483426779,0.00006484985048960112
1.07,0.0624262609965851,0.005843215114126464,0.00006183373951751392
1.08,0.06167512436684563,0.005690109886028493,0.000058952062675921006
1.09,0.06093079764229337,0.005540655436216079,0.000056199006559509705
1.1,0.060193257157960645,0.005394775676015207,0.00005356920601551351
1.11,0.05946247861737382,0.00525239577966593,0.00005105712519437588
1.12,0.05873843710756503,0.005113442172788989,0.000048658055362693624
1.1300000000000003,0.058021107113973985,0.004977842520660099,0.00004636709211025546
1.1400000000000001,0.05731046253523643,0.004845525716304288,0.000044179584990367
1.1500000000000004,0.05660647669785739,0.004716421868422362,0.000042091073682026796
1.1600000000000001,0.05590912237076682,0.004590462289161045,0.000040097299092156646
1.17,0.05521837177975563,0.0044675794817384045,0.00003819423943784983
1.1800000000000002,0.05453419662179075,0.004347707127935498,0.00003637772305609133
1.19,0.053856568079205976,0.004230780075465252,0.00003464433045996529
1.2000000000000002,0.05318545683376806,0.004116734325228995,0.0000329901994611248
1.21,0.05252083308061582,0.004005507018471059,0.0000314118397959362
1.2200000000000002,0.05186266654207008,0.0038970364238412594,0.00002990606234876125
1.23,0.05121092648131398,0.0037912619243751816,0.000028469841761857847
1.2400000000000002,0.05056558171594088,0.0036881240044015448,0.000027099629484883533
1.25,0.049926600631369555,0.0035875642363858815,0.000025793109315053183
1.2600000000000002,0.04929395119412423,0.003489525267719483,0.000024547133770091986
1.27,0.048667600964979435,0.0033939508074621485,0.000023358935619111062
1.2800000000000002,0.04804751711196687,0.0033007856130472003,0.000022226018248083786
1.29,0.04743366642324476,0.003209975476956812,0.00002114607655645528
1.3000000000000003,0.046826015319827344,0.0031214672133755756,0.0000201167166258287
1.31,0.04622452986817424,0.0030352086448298737,0.00001913563196787038
1.3200000000000003,0.045629175792638504,0.002951148588820371,0.00001820044948086519
1.33,0.045039918487772404,0.0028692368444549195,0.00001730920962117466
1.3400000000000003,0.04445672303049004,0.002789424179088495,0.000016460177665322817
1.35,0.04387955419208673,0.002711662314977016,0.00001565120394397823
1.3600000000000003,0.04330837645011314,0.002635903915951332,0.000014880624510382743
1.37,0.042743154000105386,0.0025621025741176004,0.000014146604720988163
1.3800000000000003,0.042183850767168504,0.002490212796589974,0.000013447506996833168
1.3900000000000001,0.041630430417414536,0.0024201899922613526,0.000012781539715511768
1.4000000000000004,0.04108285636925366,0.002351990458617642,0.00001214745526390004
1.4100000000000001,0.04054109180453849,0.002285571368600935,0.000011543871414332328
1.4200000000000004,0.0400050996795612,0.0022208907575265013,0.000010969161690077554
1.4300000000000002,0.03947484273590288,0.002157907510058713,0.00001042192443456713
1.44,0.03895028351113552,0.0020965813472503076,9.901252040478425e-6
1.4500000000000002,0.03843138434937546,0.0020368728136496827,9.405490275504746e-6
1.46,0.03791810741168958,0.0019787432644803606,8.933785655695914e-6
1.4700000000000002,0.03741041468635261,0.0019221548528968097,8.48488085347654e-6
1.48,0.036908267998957064,0.0018670705173204055,8.0578099748152e-6
1.4900000000000002,0.03641162902237455,0.001813453968859398,7.651504430050693e-6
1.5,0.035920459286569416,0.0017612696788163074,7.2650774285420985e-6
1.5100000000000002,0.03543472018826447,0.0017104828662861307,6.897420135043574e-6
1.52,0.03495437300045904,0.0016610594858486247,6.547759556774223e-6
1.5300000000000002,0.03447937888179962,0.0016129662153576171,6.215220005323373e-6
1.54,0.03400969888580339,0.001566170443830259,5.8989854667679245e-6
1.5500000000000003,0.03354529396993467,0.0015206402594388712,5.598363439496267e-6
1.56,0.033086125004535324,0.001476344437608022,5.3124726839826045e-6
1.5700000000000003,0.032632152781608526,0.0014332524292191367,5.040903805486607e-6
1.58,0.032183338023457304,0.0013913343489249555,4.7824910698324175e-6
1.5900000000000003,0.031739641391177596,0.0013505609635759694,4.53697635016681e-6
1.6,0.03130102349300672,0.001310903680760723,4.303776779401858e-6
1.6100000000000003,0.030867444892527733,0.0012723345374618844,4.0821124258627606e-6
1.62,0.030438866116730218,0.0012348261888297611,3.8715405881184495e-6
1.6300000000000003,0.03001524766392799,0.001198351897074868,3.6715824824895545e-6
1.6400000000000001,0.029596550011534762,0.001162885520480926,3.4814123806015114e-6
1.6500000000000004,0.029182733623697932,0.0011284015025396642,3.30087068789453e-6
1.6600000000000001,0.02877375895879159,0.0010948748612086728,3.129443926219721e-6
1.6700000000000004,0.028369586476769425,0.001062281178293326,2.966560330719403e-6
1.6800000000000002,0.027970176646378065,0.0010305965889537967,2.811999244567431e-6
1.69,0.02757548995223205,0.0009997977713380405,2.665109799515619e-6
1.7000000000000002,0.027185486901750766,0.0009698619363415204,2.525776809925162e-6
1.71,0.026800128031958803,0.00094076681749435,2.3935700643740176e-6
1.7200000000000002,0.026419373916150058,0.0009124906609763929,2.2679386146862157e-6
1.73,0.026043185170416826,0.0008850122157608675,2.148560496184615e-6
1.7400000000000002,0.025671522460044532,0.0008583107238867464,2.035564772295828e-6
1.75,0.025304346505773626,0.0008323659108603839,1.9282436758416566e-6
1.7600000000000002,0.024941618089928723,0.0008071579761864365,1.8262696910298357e-6
1.77,0.02458329806241689,0.0007826675840283211,1.7296969412328165e-6
1.7800000000000002,0.024229347346595466,0.0007588758539982468,1.6380202749743942e-6
1.79,0.023879726945010827,0.0007357643520767038,1.5511578133065027e-6
1.8000000000000003,0.023534397945008802,0.0007133150816614803,1.4685239135836523e-6
1.81,0.02319332152421825,0.0006915104747458566,1.3904793982888462e-6
1.8200000000000003,0.022856458955908515,0.0006703333832258932,1.3160694756209066e-6
1.83,0.022523771614222046,0.0006497670703364185,1.2458742371102005e-6
1.8400000000000003,0.02219522097928335,0.0006297952022153777,1.1791748133482827e-6
1.85,0.021870768642185172,0.0006104018395961434,1.116048919946877e-6
1.8600000000000003,0.021550376309853302,0.0005915714296272581,1.0561315710866381e-6
1.87,0.02123400580979127,0.0005732887978191311,9.99295091119734e-7
1.8800000000000003,0.02092161909470557,0.0005555391401170295,9.455491944976301e-7
1.8900000000000001,0.02061317824701336,0.0005383080150998073,8.944789353648729e-7
1.9000000000000004,0.02030864548323314,0.000521581336303589,8.461092937395164e-7
1.9100000000000001,0.020007983158260145,0.0005053453646697608,8.00259858380059e-7
1.9200000000000004,0.019711153769527333,0.0004895867011164378,7.570194471284707e-7
1.9300000000000002,0.019418119961053443,0.00047429227923261155,7.158218462421927e-7
1.94,0.019128844527379146,0.00045944935809412327,6.769890203983663e-7
1.9500000000000002,0.018843290417392723,0.0004450455152005301,6.400630025993337e-7
1.96,0.018561420738046487,0.000431068639531986,6.050437928450947e-7
1.9700000000000002,0.01828319875796499,0.0004175069247251422,5.721187412710549e-7
1.98,0.018008587910946783,0.00040434886236708466,5.407757575071059e-7
1.9900000000000002,0.017737551799360367,0.0003915832354062612,5.11166109440353e-7
2.,0.017470054197436233,0.0003791991116793925,4.829581179421893e-7
2.0100000000000002,0.01720605905445574,0.0003671858375532219,4.565681166468493e-7
2.02,0.01694553049783862,0.0003555330316800827,4.3148123962666313e-7
2.0300000000000002,0.016688432836129818,0.00034423057886606446,4.0765030240308414e-7
2.04,0.01643473056188777,0.00033326862405071026,3.851266527910013e-7
2.0500000000000003,0.016184388354474367,0.0003226375663970292,3.6388808632992204e-7
2.06,0.015937371082749018,0.00031232805349069496,3.4359459721855496e-7
2.0700000000000003,0.015693643807667183,0.00030233097564710115,3.246375390730804e-7
2.08,0.01545317178478527,0.00029263746032525523,3.0654367932925197e-7
2.0900000000000003,0.015215920466672923,0.000283238866647062,2.8956004261004864e-7
2.1,0.014981855505234147,0.00027412678002092944,2.733535620080829e-7
2.1100000000000003,0.014750942753938354,0.00026529300686832687,2.580824443043639e-7
2.12,0.014523148269962911,0.0002567295694520819,2.4366481055082545e-7
2.1300000000000003,0.014298438316248292,0.00024842870080511666,2.2999796511768975e-7
2.14,0.014076779363467186,0.00024038283975835807,2.1718460363473466e-7
2.1500000000000004,0.013858138091908874,0.00023258462606650363,2.0489721030969574e-7
2.16,0.013642481393280186,0.0002250268956303712,1.9343554535922178e-7
2.1700000000000004,0.01342977637242412,0.0002177026758145234,1.8255674749667603e-7
2.18,0.01321999034895787,0.00021060518085885553,1.7222057113741582e-7
2.1900000000000004,0.013013090858830928,0.00020372780738285448,1.6249501744169945e-7
2.2,0.012809045655805163,0.00019706412998116992,1.53405066427581e-7
2.21,0.012607822712857588,0.0001906078969092847,1.4463708009060383e-7
2.22,0.012409390223507484,0.00018435302585786655,1.36457511956678e-7
2.23,0.012213716603069002,0.00017829359981458436,1.287525641657794e-7
2.24,0.01202077048983041,0.00017242386301200048,1.2132794768859867e-7
2.25,0.011830520746161421,0.00016673821696031537,1.1446676939641519e-7
2.2600000000000002,0.011642936459549648,0.00016123121656360168,1.0790812687844208e-7
2.27,0.011457986943567637,0.00015589756631827328,1.0183243137618091e-7
2.2800000000000002,0.011275641738771493,0.00015073211659248298,9.597600492128321e-8
2.29,0.0110958706135325,0.0001457298599851373,9.043321647084211e-8
2.3000000000000003,0.010918643564802773,0.0001408859277633081,8.524153605193872e-8
2.31,0.010743930818816475,0.00013619558637673163,8.031075804382226e-8
2.3200000000000003,0.010571702831727347,0.00013165423404808152,7.57754969882285e-8
2.33,0.010401930290184096,0.00012725739743786702,7.129158374752365e-8
2.3400000000000003,0.010234584111844702,0.0001230007283825996,6.735445534644668e-8
2.35,0.010069635445830873,0.00011888000070503498,6.343675584830066e-8
2.3600000000000003,0.00990705567312367,0.00011489110709523086,5.96342419889595e-8
2.37,0.009746816406901728,0.00011103005606122099,5.614675391285572e-8
2.3800000000000003,0.009588889492822878,0.0001072929689480509,5.290767823851183e-8
2.39,0.00943324700925072,0.00010367607702398548,4.982542156639624e-8
2.4000000000000004,0.009279861267426819,0.00010017571863269854,4.700684286262912e-8
2.41,0.009128704811590147,0.00009678833641020553,4.420214194666982e-8
2.4200000000000004,0.0089797504190444,0.0000935104745654468,4.1654180105155085e-8
2.43,0.008832971100174695,0.00009033877622326487,3.9239445026595376e-8
2.4400000000000004,0.008688340098414422,0.00008726998082867904,3.6926017799032707e-8
2.45,0.00854583089016367,0.0000843009216112966,3.480132848565631e-8
2.46,0.008405417184659874,0.00008142852310872349,3.2643332481541165e-8
2.47,0.008267072923802224,0.00007864979874788844,3.078370891529403e-8
2.48,0.008130772281930466,0.00007596184848313407,2.918637553861458e-8
2.49,0.007996489665559468,0.00007336185649002645,2.7375324229694794e-8
2.5,0.0078641997130703,0.00007084708891379628,2.563504963859486e-8
2.5100000000000002,0.007733877294359104,0.00006841489167132936,2.421396416707466e-8
2.52,0.007605497510444593,0.000066062688305693,2.27151630838307e-8
2.5300000000000002,0.007479035693035237,0.0000637879778921489,2.1424528817703955e-8
2.54,0.007354467404057131,0.0000615883329946153,2.006173005497658e-8
2.5500000000000003,0.007231768435143509,0.00005946139767159537,1.8895995879120164e-8
2.56,0.007110914807086884,0.00005740488553054823,1.7795487305960478e-8
2.5700000000000003,0.006991882769254686,0.000055416577829745416,1.6746326547689705e-8
2.58,0.0068746487989696054,0.000053494321626609283,1.5745738046746283e-8
2.5900000000000003,0.0067591896008551275,0.00005163602797158383,1.4857559627046156e-8
2.6,0.006645482106147652,0.000049839670146594035,1.38444811170757e-8
2.6100000000000003,0.006533503471975757,0.00004810328194712965,1.3006262733483707e-8
2.62,0.006423231080607745,0.00004642495600706819,1.2397027848720653e-8
2.6300000000000003,0.006314642538668156,0.000044802842165280284,1.1547707234882408e-8
2.64,0.006207715676324283,0.00004323514587313417,1.0834388941560745e-8
2.6500000000000004,0.0061024285464434756,0.00004172012664206942,1.0144662887512366e-8
2.66,0.005998759423722175,0.00004025609653028513,9.56179579958416e-9
2.6700000000000004,0.005896686803787239,0.000038841418667776875,9.095502129241595e-9
2.68,0.005796189402270917,0.0000374745058188574,8.365530490550555e-9
2.6900000000000004,0.005697246153859663,0.00003615381898135184,7.99638133486269e-9
2.7,0.005599836211318114,0.00003487786602169964,7.419065362057608e-9
2.71,0.005503938944488769,0.00003364520034515219,7.0540795427120875e-9
2.72,0.00540953393926814,0.000032454419600340365,6.517009154549668e-9
2.73,0.005316600996560304,0.00003130416441739951,6.215861159120094e-9
2.74,0.005225120131208489,0.000030193117178974976,5.788425294639409e-9
2.75,0.005135071570905483,0.0000291200008233014,5.476175068963584e-9
2.7600000000000002,0.005046435755083615,0.00002808357767864574,5.13616926767213e-9
2.77,0.0049591933337850246,0.00002708264832836513,4.818367926873179e-9
2.7800000000000002,0.0048733251665129575,0.000026116050505835047,4.546363285840016e-9
2.79,0.004788812321064717,0.000025182658018548524,4.299338662860919e-9
2.8000000000000003,0.004705636072347105,0.00002428137970062446,3.913536161803677e-9
2.81,0.00462377790117492,0.00002341115839308697,3.771982726163969e-9
2.8200000000000003,0.004543219493053167,0.000022570969951228455,3.5624281302659706e-9
2.83,0.004463942736943801,0.00002175982227845233,3.311240170944529e-9
2.8400000000000003,0.004385929724017434,0.000020976754386024345,2.996214387707141e-9
2.85,0.004309162746390855,0.000020220835478183753,2.853273173286652e-9
2.8600000000000003,0.004233624295850795,0.0000194911640621363,2.8116398098632085e-9
2.87,0.004159297062564773,0.0000187868670824026,2.5229818234606682e-9
2.8800000000000003,0.004086163933779347,0.000018107099078992126,2.403632848313464e-9
2.89,0.004014207992506723,0.000017451041368790087,2.163547119238274e-9
2.9000000000000004,0.003943412516199944,0.0000168179012494535,2.1191381982532675e-9
2.91,0.003873760975417517,0.000016206911224982172,1.9817480989559044e-9
2.9200000000000004,0.0038052370324778277,0.0000156173282521451,1.6625589793761717e-9
2.93,0.0037378245401041457,0.000015048433006936204,1.6431300764452315e-9
2.9400000000000004,0.0036715075400604097,0.00001449952917059158,1.5987211554602252e-9
2.95,0.003606270261778761,0.000013969942735222799,1.489086631778491e-9
2.96,0.0035420971209789397,0.00001345902132984822,1.4918621893400539e-9
2.97,0.0034789727182803335,0.000012966133567956968,1.273980920757367e-9
2.98,0.0034168818378070395,0.00001249066841667432,1.321165399303936e-9
2.99,0.003355809445786542,0.000012032034582402474,1.1629586182948515e-9
3.,0.0032957406891423327,0.00001158965989354615,9.867107131356079e-10
3.0100000000000002,0.003236660894081116,0.000011162962221256121,1.0047518372857667e-9
3.02,0.0031785555646749943,0.00001075146360829393,9.43689570931383e-10
3.0300000000000002,0.003121410381438983,0.000010354364587961129,9.478529072737274e-10
3.04,0.0030652111999045495,9.972105086131222e-6,9.547918011776346e-10
3.0500000000000003,0.003009944049189314,9.603015604930931e-6,8.493206138382447e-10
3.06,0.0029555951305635856,9.247105858811722e-6,7.313594174718218e-10
3.0700000000000003,0.002902150816014012,8.904020576405713e-6,7.494005416219806e-10
3.08,0.00284959764680479,8.573319831839399e-6,7.410738689372919e-10
3.0900000000000003,0.0027979223320368273,8.254305572386045e-6,7.355227538141661e-10
3.1,0.002747111747205298,7.94683346905245e-6,5.273559366969494e-10
3.1100000000000003,0.0026971529327558365,7.650476085974134e-6,6.494804694057165e-10
3.12,0.0026480330926399506,7.364511778185089e-6,4.968248035197576e-10
3.13,0.002599739592869801,7.0894540238342066e-6,5.218048215738236e-10
3.1400000000000006,0.0025522599600728527,6.82381928740483e-6,4.482525461924069e-10
3.1500000000000004,0.0025055818800467,6.568190435984888e-6,3.9135361618036763e-10
3.16,0.0024596931963143612,6.321919376883755e-6,3.8025138593411606e-10
3.17,0.0024145819086804354,6.084155401708812e-6,3.8580250105724185e-10
3.1800000000000006,0.002370236171788444,5.855278761845994e-6,3.330669073875469e-10
3.1900000000000004,0.002326644293679582,5.634635813489552e-6,3.635980405647387e-10
3.2,0.0022837947343533147,5.422154392142885e-6,2.7200464103316335e-10
3.21,0.00224167610433002,5.217538900925688e-6,2.7200464103316335e-10
3.2199999999999998,0.0022002771632160046,5.020128757138309e-6,2.942091015256665e-10
3.2300000000000004,0.002159586818271185,4.829868449629515e-6,2.3314683517128287e-10
3.24,0.002119594122979699,4.646910634065193e-6,2.7478019859472624e-10
3.25,0.0020802882756237014,4.470400438716382e-6,2.2065682614424984e-10
3.26,0.0020416586178606303,4.300727829420481e-6,2.2620794126737562e-10
3.2700000000000005,0.0020036946333041906,4.13723638681418e-6,2.012279232133096e-10
3.2800000000000002,0.0019663859461092914,3.979562512856916e-6,2.456368441983159e-10
3.29,0.001929722319561205,3.827514694076939e-6,1.5959455978986623e-10
3.3,0.0018936936546691137,3.68137742512431e-6,1.5543122344752192e-10
3.3100000000000005,0.0018582899887643585,3.5407496379313837e-6,1.5265566588595902e-10
3.3200000000000003,0.0018235014941035876,3.405013770940712e-6,3.205768983605139e-10
3.33,0.001789318476476915,3.2745556266533522e-6,1.0547118733938986e-10
3.34,0.0017557313738214653,3.1491198537736405e-6,9.298117831235685e-11
3.3500000000000005,0.0017227307548403762,3.0280111751324053e-6,1.7763568394002502e-10
3.3600000000000003,0.001690307317627495,2.911251795190139e-6,5.828670879282072e-11
3.37,0.0016584518882979682,2.799196985314722e-6,7.355227538141662e-11
3.38,0.0016271554196248623,2.6913180017906764e-6,7.494005416219807e-11
3.3900000000000006,0.0015964089896820753,2.587510761209444e-6,2.137179322403426e-10
3.4000000000000004,0.0015662038004936008,2.487379746618501e-6,2.831068712794149e-10
3.41,0.0015365311766893817,2.391149778180335e-6,1.1934897514720433e-10
3.42,0.0015073825641678845,2.298478074536092e-6,1.1379786002407853e-10
3.4300000000000006,0.0014787495287655614,2.2094062690491967e-6,8.049116928532384e-11
3.4400000000000004,0.0014506237549333282,2.123579090351768e-6,1.706967900361178e-10
3.45,0.0014229970444202009,2.041192215251897e-6,3.608224830031759e-11
3.46,0.0013958613149642406,1.961292239727186e-6,-2.498001805406602e-11
3.4700000000000006,0.0013692085989909226,1.8849449778812753e-6,4.024558464266192e-11
3.4800000000000004,0.0013430310423190686,1.8115065003598827e-6,-2.775557561562891e-12
3.49,0.001317320902874427,1.7408047225941912e-6,7.771561172376096e-11
3.5,0.0012920705494110795,1.6728535223720085e-6,-8.326672684688674e-12
3.51,0.0012672724602407154,1.6071893815805536e-6,7.077671781985373e-11
3.5200000000000005,0.0012429192219699137,1.5441231626667216e-6,9.71445146547012e-12
3.5300000000000002,0.0012190035282455647,1.4834578010436415e-6,1.1657341758564144e-10
3.54,0.0011955181785084118,1.4254958324855236e-6,9.15933995315754e-11
3.55,0.0011724560767549703,1.3692241784823975e-6,4.4408920985006255e-11
3.5600000000000005,0.0011498102303077746,1.3154435873907742e-6,4.4408920985006255e-11
3.5700000000000003,0.0011275737485941096,1.2633560864117044e-6,4.1633363423443364e-11
3.58,0.0011057398419332385,1.2135556448633622e-6,6.938893903907228e-11
3.59,0.001084301820332298,1.1654816001183121e-6,4.163336342344337e-12
3.6000000000000005,0.0010632530922908446,1.1193879156934372e-6,4.1633363423443364e-11
3.6100000000000003,0.001042587163614151,1.0752274071101908e-6,3.885780586188048e-11
3.62,0.001022297636235322,1.032676721912651e-6,6.800116025829084e-11
3.63,0.0010023782070462794,9.915429588502889e-7,6.661338147750939e-11
3.6400000000000006,0.0009828226667376622,9.51944079119471e-7,4.4408920985006255e-11
3.6500000000000004,0.0009636248986477194,9.14213149627585e-7,-1.1102230246251564e-11
3.66,0.0009447788776202087,8.778200388803724e-7,4.302114220422481e-11
3.67,0.0009262786688713716,8.429951181554428e-7,8.465450562766817e-11
3.6800000000000006,0.0009081184268660213,8.093595238456429e-7,9.71445146547012e-12
3.6900000000000004,0.000890292394202757,7.768730103663301e-7,2.775557561562891e-12
3.7,0.000872794900508386,7.45645212241186e-7,3.608224830031759e-11
3.71,0.0008556203613415441,7.155484538223788e-7,0.
3.7200000000000006,0.0008387632771055164,6.870629065680588e-7,-4.1633363423443364e-11
3.7300000000000004,0.0008222182319704008,6.597625223925262e-7,7.077671781985373e-11
3.74,0.0008059798928044725,6.329506363478288e-7,8.326672684688674e-12
3.75,0.000790043008114888,6.074696301539007e-7,-3.7470027081099033e-11
3.76,0.0007744024069977266,5.831529703570482e-7,-5.551115123125782e-12
3.7700000000000005,0.0007590529980973059,5.595524044110789e-7,-6.245004513516506e-11
3.7800000000000002,0.000743989768574884,5.368899769209179e-7,0.
3.79,0.0007292077830866798,5.152406279407273e-7,4.302114220422481e-11
3.8,0.000714702182771256,4.944100684411978e-7,4.7184478546569147e-11
3.8100000000000005,0.0007004681842462422,4.7442050288282184e-7,4.302114220422481e-11
3.8200000000000003,0.0006865010786144161,4.552372367960799e-7,-6.245004513516506e-11
3.83,0.0006727962304791217,4.366534911426356e-7,9.71445146547012e-12
3.84,0.000659349076969036,4.1883163603984025e-7,-3.3306690738754696e-11
3.8500000000000005,0.0006461551267722512,4.018646526660063e-7,5.273559366969493e-11
3.8600000000000003,0.0006332099591797001,3.855596397706051e-7,-7.216449660063518e-11
3.87,0.0006205092231378712,3.69723696103108e-7,-9.15933995315754e-11
3.88,0.0006080486363108037,3.546093974016173e-7,0.
3.8900000000000006,0.0005958239841514001,3.400627002214662e-7,2.6367796834847465e-11
3.9000000000000004,0.0005838311189819396,3.2625291357391e-7,-8.326672684688674e-12
3.91,0.0005720659590838845,3.129829728720779e-7,-1.249000902703301e-11
3.92,0.0005605244877968368,3.0009883467130294e-7,7.494005416219807e-11
3.9300000000000006,0.0005492027526267382,2.877698079828406e-7,1.8041124150158794e-11
3.9400000000000004,0.0005380968643632066,2.759487083281442e-7,1.6653345369377348e-11
3.95,0.0005272029962059797,2.645050845018204e-7,-1.942890293094024e-11
3.96,0.0005165173829005419,2.5373314560539484e-7,1.1657341758564144e-10
3.9700000000000006,0.0005060363198827304,2.4319435354414054e-7,4.996003610813204e-11
3.9800000000000004,0.0004957561624324607,2.33495167645259e-7,3.608224830031759e-11
3.99,0.0004856733248364146,2.2364887719561463e-7,4.4408920985006255e-11
4.,0.0004757842795597255,2.1423973706191643e-7,1.1025493784126968e-12
4.01,0.0004660855564265958,2.0564661085131772e-7,1.0258716036214796e-12
4.0200000000000005,0.0004565737418098184,1.9691331898386008e-7,9.544427328602443e-13
4.03,0.0004472454778291577,1.8877954754970003e-7,8.879098111228135e-13
4.04,0.00043809746155855405,1.8083451402972625e-7,8.259431312779727e-13
4.05,0.00042912644424211965,1.736139010333204e-7,7.682347405350605e-13
4.0600000000000005,0.00042032923051886094,1.661407122988123e-7,7.144970398672742e-13
4.07,0.00041170267765611315,1.595168441781425e-7,6.644614708522868e-13
4.08,0.0004032436947916166,1.5284301602136452e-7,6.178772846988071e-13
4.09,0.0003949492421842003,1.4634682354852657e-7,5.745103885217217e-13
4.1000000000000005,0.00038681633047303533,1.40032430095971e-7,5.341422642074858e-13
4.11,0.0003788420199453848,1.3441747714892927e-7,4.965689554764001e-13
4.12,0.0003710234198128312,1.2892048539825396e-7,4.616001189996373e-13
4.13,0.0003633576874959044,1.2327361353925426e-7,4.2905813566710845e-13
4.140000000000001,0.0003558420279170717,1.1816381206841696e-7,3.9877727832791314e-13
4.15,0.00034847369280204297,1.1353695761329162e-7,3.706029325388751e-13
4.16,0.0003412499799893136,1.0848821840880872e-7,3.4439086705884626e-13
4.17,0.0003341682327479223,1.0362544156095054e-7,3.200065510179626e-13
4.180000000000001,0.0003272258391033404,9.948569745787948e-8,2.9732451487184506e-13
4.19,0.0003204202311714563,9.547779233898267e-8,2.7622775242186577e-13
4.2,0.0003137488845005738,9.124367927881848e-8,2.5660716134410206e-13
4.21,0.00030720931742140244,8.772843562709908e-8,2.3836101982231414e-13
4.220000000000001,0.00030079909040495054,8.385098171359572e-8,2.213944970242201e-13
4.23,0.0002945158054282612,8.024969577746788e-8,2.0561919529639308e-13
4.24,0.00028835710534797816,7.67996777284452e-8,1.9095272208126675e-13
4.25,0.00028232067328160584,7.349121311506224e-8,1.773182896807557e-13
4.26,0.00027640423199646664,7.018968739558318e-8,1.6464434110493273e-13
4.2700000000000005,0.0002706055433062872,6.754180548185218e-8,1.5286420035168143e-13
4.28,0.00026492240747533587,6.456779555463754e-8,1.419157455644574e-13
4.29,0.0002593526626300403,6.163541899084635e-8,1.3174110361059776e-13
4.3,0.0002538941841780753,5.9020843767854097e-8,1.2228636471240011e-13
4.3100000000000005,0.0002485448842348155,5.665190538906017e-8,1.1350131584765791e-13
4.32,0.0002433027110571199,5.421774140756951e-8,1.0533919171583513e-13
4.33,0.00023816564848437035,5.1848803028775585e-8,9.77564421408571e-14
4.34,0.00023313171538673358,4.948125242876244e-8,9.071251485183283e-14
4.3500000000000005,0.00022819896512055022,4.753558657810685e-8,8.416965264915546e-14
4.36,0.00022336548499082308,4.5378978352772486e-8,7.80927040256087e-14
4.37,0.00021862939572074127,4.3459680298951746e-8,7.244894637051551e-14
4.38,0.000213988850928152,4.161948563563555e-8,6.720792093989717e-14
4.390000000000001,0.00020944203660895266,3.978067875110014e-8,6.2341278827152e-14
4.4,0.00020498717062733513,3.812089532928553e-8,5.782263721722204e-14
4.41,0.00020062250221279519,3.663042091872626e-8,5.362744525266841e-14
4.42,0.00019634631146387937,3.507472090547026e-8,4.973285888280732e-14
4.430000000000001,0.00019215690885857555,3.338995746560158e-8,4.611762410709667e-14
4.44,0.00018805263477129978,3.195776976383513e-8,4.276196806158644e-14
4.45,0.00018403185899640588,3.0492275371329924e-8,3.964749743251796e-14
4.46,0.0001800929802781509,2.9302948956200222e-8,3.6757103714260094e-14
4.470000000000001,0.00017623442584705293,2.8001212459827226e-8,3.407487485979537e-14
4.48,0.00017245465096256724,2.6953439480337235e-8,3.15860129010827e-14
4.49,0.00016875213846201707,2.5729418595688e-8,2.927675714389981e-14
4.5,0.0001651253983157264,2.4585888880324088e-8,2.7134312567351392e-14
4.51,0.00016157296718825528,2.357142259157285e-8,2.5146783082188026e-14
4.5200000000000005,0.00015809340800569674,2.2451485115482225e-8,2.3303109324548724e-14
4.53,0.00015468530952897716,2.1607715616767106e-8,2.159301068277638e-14
4.54,0.00015134728593308455,2.064182158534322e-8,2.0006931274662704e-14
4.55,0.00014807797639215862,1.9569068587799165e-8,1.8535989610945952e-14
4.5600000000000005,0.00014487604467041046,1.8812729152273278e-8,1.7171931698162598e-14
4.57,0.00014174017871879387,1.788291736914971e-8,1.5907087350142002e-14
4.58,0.00013866909027738736,1.7266743590482747e-8,1.473432949258229e-14
4.59,0.00013566151448342507,1.6350809595166993e-8,1.3647036259327194e-14
4.6000000000000005,0.00013271620948492678,1.563610352306455e-8,1.2639055692231672e-14
4.61,0.00012983195605991202,1.517674874662589e-8,1.1704672868925347e-14
4.62,0.00012700755724104343,1.4221956945448254e-8,1.0838579294395867e-14
4.63,0.00012424183794580406,1.3830603329267886e-8,1.0035844403186758e-14
4.640000000000001,0.00012153364461199935,1.3074263893741998e-8,9.291889029165535e-15
4.65,0.00011888184483861297,1.2660705817069127e-8,8.602460709324888e-15
4.66,0.00011628532703193487,1.2037593144498258e-8,7.963610696967344e-15
4.67,0.00011374300005688131,1.1225742557741112e-8,7.371672567936395e-15
4.680000000000001,0.00011125379289343927,1.0980105713542797e-8,6.823242311322308e-15
4.69,0.00010881665429817476,1.0591527654923992e-8,6.315159803334174e-15
4.7,0.00010643055247069333,1.012939732092377e-8,5.844491569814594e-15
4.71,0.0001040944747250153,9.500733533229777e-9,5.408514749215242e-15
4.720000000000001,0.00010180742716575296,9.064970996064403e-9,5.00470217377525e-15
4.73,0.00009956843436901637,8.694434061595757e-9,4.630708492180876e-15
4.74,0.00009737653906802299,8.396061623727746e-9,4.2843572621530544e-15
4.75,0.00009523080184329084,8.040790255847696e-9,3.9636289462403665e-15
4.76,0.00009313030081742061,7.51620987671231e-9,3.666649748603085e-15
4.7700000000000005,0.00009107413135440933,7.2997163869104034e-9,3.3916812347856307e-15
4.78,0.00008906140576348765,6.820932707540805e-9,3.137110680405653e-15
4.79,0.00008709125300747456,6.4781513486877876e-9,2.9014420983589114e-15
4.800000000000001,0.0000851628184156513,6.214473380339313e-9,2.6832878975643445e-15
4.8100000000000005,0.00008327526340114679,6.128431095930863e-9,2.481361129471833e-15
4.82,0.00008142776518284649,5.799527524885661e-9,2.2944682815382467e-15
4.83,0.00007961951651176815,5.659361868026735e-9,2.121502579663137e-15
4.84,0.00007784972540185767,5.148659276699163e-9,1.9614377641719652e-15
4.8500000000000005,0.00007611761486507879,4.7378767575878555e-9,1.813322306359213e-15
4.86,0.00007442242265064662,4.783673457353643e-9,1.6762740348641881e-15
4.87,0.00007276340098818295,4.440892098500626e-9,1.5494751432608362e-15
4.88,0.00007113981633455022,4.327094238476548e-9,1.4321675522098625e-15
4.890000000000001,0.00006955094912414181,4.3298697960381105e-9,1.3236486013546272e-15
4.9,0.00006799609352244671,4.116151863797768e-9,1.2232670478526121e-15
4.91,0.00006647455718286376,3.827493877395227e-9,1.1304193500281362e-15
4.92,0.00006498566100698027,3.631817069305043e-9,1.0445462161180887e-15
4.930000000000001,0.00006352873890881138,3.461120279268925e-9,9.65129399467565e-16
4.94,0.00006210313758382927,3.2918112680135887e-9,8.916887228234846e-16
4.95,0.00006070821628374692,3.1474822748123184e-9,8.237793155770206e-16
4.96,0.00005934334659769839,3.1891156382357617e-9,7.609890489271718e-16
4.970000000000001,0.00005800791223910727,2.9837243786801078e-9,7.029361549820455e-16
4.98,0.00005670130883417848,2.7214341891124146e-9,6.492670167878575e-16
4.99,0.00005542294370111601,2.5784929746919257e-9,5.996541171818619e-16
5.,0.00005417223559643066,2.6062485503075546e-9,5.537941352102421e-16
